{"text": " Hi hello this is just a test recording", "segments": [{"id": 0, "seek": 0, "start": 0.0, "end": 4.0, "text": " Hi hello this is just a test recording", "tokens": [50364, 2421, 7751, 341, 307, 445, 257, 1500, 6613, 50564], "temperature": 0.0, "avg_logprob": -0.5240650610490278, "compression_ratio": 0.8260869565217391, "no_speech_prob": 0.06715419888496399}], "language": "en"}